{"Loss":{"Ham Veri":1.4262696947,"Normalized \u00d6zellik \u00c7\u0131kar\u0131m\u0131":1.0851326944},"Accuracy":{"Ham Veri":0.3223458904,"Normalized \u00d6zellik \u00c7\u0131kar\u0131m\u0131":0.5428082192}}